{
  "modpackMode": false,
  "fullScreen": "WINDOWED",
  "fpsDisplayMode": "SIMPLE",
  "fpsDisplayAlign": "LEFT",
  "fpsDisplayVAlign": "TOP",
  "fpsDisplaySystemMode": "OFF",
  "fpsDisplayMargin": 12,
  "fpsDisplayVMargin": 12,
  "fpsDisplayShadow": false,
  "fog": false,
  "blueBand": true,
  "customFog": false,
  "fogStart": 0,
  "fogEnd": 192,
  "fogShape": "CYLINDER",
  "cloudsHeight": 192,
  "entityNametagRendering": true,
  "playerNametagRendering": true,
  "itemNametagRendering": true,
  "chunkFadeSpeed": "SLOW",
  "darknessMode": "DIM",
  "darknessOnFullBrightBiomes": false,
  "darknessOnOverworld": true,
  "darknessOnNether": false,
  "darknessNetherFogBright": 0.5,
  "darknessOnEnd": false,
  "darknessEndFogBright": 0.5,
  "darknessByDefault": false,
  "darknessDimensionWhiteList": [],
  "darknessOnNoSkyLight": false,
  "darknessBlockLightOnly": false,
  "darknessAffectedByMoonPhase": true,
  "darknessNewMoonBright": 0.0,
  "darknessFullMoonBright": 0.25,
  "hideJREMI": false,
  "hideJREMIHint": false,
  "fontShadows": true,
  "leavesCulling": "OFF",
  "fastChests": false,
  "fastBeds": false,
  "rainParticles": false,
  "rainDropParticles": false,
  "crackingBlockParticles": false,
  "destroyedBlockParticles": false,
  "disabledParticles": [
    "minecraft:rain",
    "minecraft:dolphin",
    "minecraft:glow",
    "create:soul_perimeter",
    "minecraft:heart",
    "minecraft:bubble_pop",
    "minecraft:falling_dripstone_water",
    "minecraft:flame",
    "supplementaries:stasis",
    "supplementaries:bomb_charge",
    "minecraft:sculk_charge_pop",
    "minecraft:item_snowball",
    "supplementaries:sparkle",
    "minecraft:nautilus",
    "minecraft:raid_omen",
    "minecraft:spore_blossom_air",
    "minecraft:falling_obsidian_tear",
    "supplementaries:streamer_dyed",
    "supplementaries:feather",
    "minecraft:dripping_lava",
    "create:wifi",
    "minecraft:dust",
    "minecraft:bubble_column_up",
    "supplementaries:confetti_dyed",
    "minecraft:block_marker",
    "sophisticatedcore:jukebox_note",
    "minecraft:gust_emitter_small",
    "supplementaries:confetti",
    "minecraft:happy_villager",
    "create:steam_jet",
    "minecraft:enchant",
    "minecraft:wax_on",
    "minecraft:campfire_signal_smoke",
    "minecraft:wax_off",
    "minecraft:sculk_soul",
    "minecraft:falling_spore_blossom",
    "minecraft:damage_indicator",
    "minecraft:infested",
    "cobblemon:snowstorm",
    "minecraft:ash",
    "create:fluid_particle",
    "minecraft:explosion",
    "minecraft:gust",
    "minecraft:electric_spark",
    "minecraft:gust_emitter_large",
    "minecraft:dust_color_transition",
    "minecraft:falling_dust",
    "minecraft:current_down",
    "minecraft:dust_plume",
    "minecraft:item_cobweb",
    "farmersdelight:star",
    "minecraft:lava",
    "minecraft:reverse_portal",
    "minecraft:trial_spawner_detection",
    "supplementaries:falling_liquid",
    "minecraft:bubble",
    "minecraft:landing_lava",
    "minecraft:sneeze",
    "minecraft:dripping_water",
    "supplementaries:bomb_smoke",
    "create_sa:water_cloud",
    "minecraft:landing_honey",
    "minecraft:soul",
    "minecraft:note",
    "minecraft:mycelium",
    "quark:repulsor",
    "minecraft:explosion_emitter",
    "minecraft:underwater",
    "supplementaries:splashing_liquid",
    "minecraft:small_gust",
    "quark:attractor",
    "supplementaries:rotation_trail_emitter",
    "minecraft:block",
    "supplementaries:speaker_sound",
    "create:basin_fluid",
    "minecraft:totem_of_undying",
    "minecraft:large_smoke",
    "minecraft:ominous_spawning",
    "minecraft:item_slime",
    "minecraft:instant_effect",
    "minecraft:entity_effect",
    "minecraft:falling_nectar",
    "create:air",
    "minecraft:cherry_leaves",
    "minecraft:item",
    "supplementaries:ash",
    "supplementaries:dripping_liquid",
    "minecraft:sculk_charge",
    "create:air_flow",
    "minecraft:elder_guardian",
    "minecraft:vault_connection",
    "create:soul_expanding_perimeter",
    "supplementaries:streamer",
    "minecraft:poof",
    "minecraft:scrape",
    "minecraft:sonic_boom",
    "create:rotation_indicator",
    "minecraft:sweep_attack",
    "minecraft:shriek",
    "farmersdelight:steam",
    "minecraft:portal",
    "minecraft:falling_lava",
    "minecraft:dragon_breath",
    "minecraft:small_flame",
    "minecraft:egg_crack",
    "supplementaries:air_burst",
    "minecraft:angry_villager",
    "minecraft:splash",
    "minecraft:crit",
    "minecraft:soul_fire_flame",
    "minecraft:witch",
    "minecraft:smoke",
    "minecraft:glow_squid_ink",
    "supplementaries:rotation_trail",
    "minecraft:spit",
    "minecraft:falling_honey",
    "create:soul_base",
    "minecraft:campfire_cosy_smoke",
    "supplementaries:green_flame",
    "supplementaries:bottling_xp",
    "minecraft:snowflake",
    "minecraft:fishing",
    "minecraft:flash",
    "create:cube",
    "minecraft:white_smoke",
    "supplementaries:suds",
    "supplementaries:bubble_block",
    "minecraft:falling_water",
    "minecraft:squid_ink",
    "minecraft:dust_pillar",
    "minecraft:dripping_honey",
    "supplementaries:bomb_explosion",
    "minecraft:enchanted_hit",
    "create:fluid_drip",
    "minecraft:warped_spore",
    "minecraft:dripping_obsidian_tear",
    "supplementaries:sugar",
    "minecraft:cloud",
    "minecraft:end_rod",
    "minecraft:trial_omen",
    "minecraft:composter",
    "minecraft:landing_obsidian_tear",
    "minecraft:white_ash",
    "minecraft:crimson_spore",
    "supplementaries:cannon_fire",
    "create_hypertube:suction_particle",
    "supplementaries:bomb_explosion_emitter",
    "minecraft:dripping_dripstone_water",
    "minecraft:effect",
    "create:soul",
    "minecraft:trial_spawner_detection_ominous",
    "minecraft:vibration",
    "create_sa:steam_cloud",
    "supplementaries:wind_stream",
    "minecraft:falling_dripstone_lava",
    "minecraft:dripping_dripstone_lava",
    "minecraft:firework"
  ],
  "tileEntityDistanceCulling": true,
  "tileEntityCullingDistanceX": 4096,
  "tileEntityCullingDistanceY": 32,
  "entityDistanceCulling": true,
  "entityCullingDistanceX": 4096,
  "entityCullingDistanceY": 32,
  "monsterDistanceCulling": false,
  "monsterCullingDistanceX": 16384,
  "monsterCullingDistanceY": 64,
  "entityWhitelist": [
    "minecraft:ghast",
    "minecraft:ender_dragon",
    "iceandfire:all",
    "create:all"
  ],
  "monsterWhitelist": [],
  "tileEntityWhitelist": [
    "waterframes:all"
  ],
  "borderlessAttachModeF11": "ATTACH",
  "fastLanguageReload": true,
  "enableZoom": true,
  "maxZoom": 50.0
}