{
  "enableDebugLogging": false,
  "enableTypeIcons": true,
  "enableStatStages": true,
  "enableAbilityPopups": true,
  "abilityPopupDuration": 3.0,
  "abilityPopupCentered": false,
  "enableWeatherTerrain": true,
  "enableEntryHazards": true,
  "enableControllerNavigation": false,
  "enableAutoExpandLog": true,
  "enableBattleNameplates": false,
  "nameplateStyle": 0,
  "battleNameplateOpacity": 1.0,
  "battleNameplateBrightness": 0.20000002,
  "enableScreensDisplay": true,
  "enableVolatileStatusIcons": true,
  "enableMoveTooltips": true,
  "moveTooltipScale": 0.75,
  "moveTooltipAnchorMode": 1,
  "moveTooltipAnchorDefaultMigrated": true,
  "enableSwitchTooltips": true,
  "enableInstantNPCForfeit": false,
  "enableBattleLogChatMessages": false,
  "enableInstantWildRun": true,
  "enableTurnCounter": true,
  "enablePokemonCount": true,
  "hideOpponentPokeballTypes": false,
  "enableBButtonReenterBattle": false,
  "battleBackKey": 340,
  "battleAnimationSpeed": 4.0,
  "enableWeaknessTooltip": true,
  "enableBattleLogColoring": true,
  "enableBattleLogRecording": false,
  "enableSpeedRange": false,
  "hideBattleTiles": false,
  "enableXPGainedDisplay": true,
  "useEnhancedBattleLogStyle": true,
  "enableBattleInfoPanel": true,
  "battleLogCustomPosition": true,
  "battleLogX": 671,
  "battleLogY": 325,
  "battleLogScale": 1.0,
  "battleLogWidth": 180,
  "battleLogHeight": 152,
  "battleLogExpanded": true,
  "battleLogFontScale": 0.9
}