{
  "hardInclude": "anything",
  "includeList": [],
  "includeListInSuperCategory": true,
  "excludeMode": "ONLY",
  "excludeList": [
    "minecraft:glow_item_frame",
    "minecraft:item_frame",
    "minecraft:painting"
  ],
  "name": "gui.xaero_entity_category_root",
  "protection": true,
  "settingOverrides": {},
  "subCategories": [
    {
      "hardInclude": "living",
      "includeList": [],
      "includeListInSuperCategory": true,
      "excludeMode": "ONLY",
      "excludeList": [
        "minecraft:armor_stand"
      ],
      "name": "gui.xaero_entity_category_living",
      "protection": true,
      "settingOverrides": {},
      "subCategories": [
        {
          "hardInclude": "players",
          "includeList": [],
          "includeListInSuperCategory": true,
          "excludeMode": "ONLY",
          "excludeList": [],
          "name": "gui.xaero_entity_category_players",
          "protection": true,
          "settingOverrides": {},
          "subCategories": [
            {
              "hardInclude": "nothing",
              "includeList": [],
              "includeListInSuperCategory": true,
              "excludeMode": "ONLY",
              "excludeList": [],
              "name": "gui.xaero_entity_category_friend",
              "protection": true,
              "settingOverrides": {},
              "subCategories": []
            },
            {
              "hardInclude": "tracked",
              "includeList": [],
              "includeListInSuperCategory": true,
              "excludeMode": "ONLY",
              "excludeList": [],
              "name": "gui.xaero_entity_category_tracked",
              "protection": true,
              "settingOverrides": {},
              "subCategories": []
            },
            {
              "hardInclude": "same-team",
              "includeList": [],
              "includeListInSuperCategory": true,
              "excludeMode": "ONLY",
              "excludeList": [],
              "name": "gui.xaero_entity_category_same_team",
              "protection": true,
              "settingOverrides": {},
              "subCategories": []
            },
            {
              "hardInclude": "anything",
              "includeList": [],
              "includeListInSuperCategory": true,
              "excludeMode": "ONLY",
              "excludeList": [],
              "name": "gui.xaero_entity_category_other_teams",
              "protection": true,
              "settingOverrides": {},
              "subCategories": []
            }
          ]
        },
        {
          "hardInclude": "hostile",
          "includeList": [],
          "includeListInSuperCategory": true,
          "excludeMode": "ONLY",
          "excludeList": [],
          "name": "gui.xaero_entity_category_hostile",
          "protection": true,
          "settingOverrides": {},
          "subCategories": [
            {
              "hardInclude": "tamed",
              "includeList": [],
              "includeListInSuperCategory": true,
              "excludeMode": "ONLY",
              "excludeList": [],
              "name": "gui.xaero_entity_category_hostile_tamed",
              "protection": true,
              "settingOverrides": {},
              "subCategories": []
            }
          ]
        },
        {
          "hardInclude": "anything",
          "includeList": [],
          "includeListInSuperCategory": true,
          "excludeMode": "ONLY",
          "excludeList": [],
          "name": "gui.xaero_entity_category_friendly",
          "protection": true,
          "settingOverrides": {},
          "subCategories": [
            {
              "hardInclude": "tamed",
              "includeList": [],
              "includeListInSuperCategory": true,
              "excludeMode": "ONLY",
              "excludeList": [],
              "name": "gui.xaero_entity_category_friendly_tamed",
              "protection": true,
              "settingOverrides": {},
              "subCategories": []
            }
          ]
        }
      ]
    },
    {
      "hardInclude": "items",
      "includeList": [],
      "includeListInSuperCategory": true,
      "excludeMode": "ONLY",
      "excludeList": [],
      "name": "gui.xaero_entity_category_items",
      "protection": true,
      "settingOverrides": {},
      "subCategories": []
    },
    {
      "hardInclude": "anything",
      "includeList": [],
      "includeListInSuperCategory": true,
      "excludeMode": "ONLY",
      "excludeList": [],
      "name": "gui.xaero_entity_category_other_entities",
      "protection": true,
      "settingOverrides": {},
      "subCategories": []
    }
  ]
}